subid,country_code,ip_start,country_matching_status
0e2ff71e-c5ad-4eaa-9eda-108a50a9217c,AT,96,Mismatching
926de190-3ec6-416f-a4e7-208ade4ffbab,DE,95,Mismatching
7945116c-4c91-4f0e-a535-008a153ae160,DE,95,Mismatching
1244dffe-81c4-4b6d-89d8-708aae1e9fb7,DE,95,Mismatching
c06d147b-b799-4e33-854f-308a7058954f,GR,94,Mismatching
59ebe653-979d-4a82-8c45-c08a72149b23,GR,94,Mismatching
59029b81-3482-40f8-9832-e08a0b5daad3,AT,93,Mismatching
ad4ae169-6c06-4c0d-8f8e-b08aca40cb02,AT,93,Mismatching
fde8b061-99af-4618-abdf-908a4cdb603a,AT,92,Mismatching
d9b618e8-bb87-4c80-82ec-508a9c173eb3,ES,92,Mismatching
c7210cde-d269-4506-b689-008a4e3e64d1,ES,92,Mismatching
abd7e342-c593-4b4c-bc0a-d08abdc9256d,ES,91,Mismatching
34bd2fe1-2709-4b80-82be-108af70a602a,ES,90,Mismatching
e279f412-c54e-47c3-b4f7-308ab10bfb37,AT,88,Mismatching
808708af-ea0f-4eb4-8f6f-408a9d7a008f,ES,88,Mismatching
ec8e98aa-9fc0-46c6-83e1-108a467148b3,DE,88,Mismatching
18bec343-75fb-4899-9a88-508a29b4d751,ES,88,Mismatching
5c222730-9954-4208-a67d-408a9757f667,DE,87,Mismatching
39a41b8c-63a0-411b-9974-608a80412f9c,DE,87,Mismatching
55d84d0d-3544-4c41-8fb3-308ac963daa0,DE,87,Mismatching
7ca9cc5e-fdf2-4725-8204-508a829bf46b,DE,87,Mismatching
62c2704b-7bf3-43c8-8d5a-b08ad64b6260,AT,86,Mismatching
324ae74d-84ba-4b06-9649-508a9146ad5d,AT,86,Mismatching
5bbc0e46-0020-4f87-828b-508aed0086af,AT,86,Mismatching
90a6bb9d-4197-4536-a13b-208a144ee830,GR,86,Mismatching
55b441aa-3bf7-46a1-95f9-808acf96d459,GR,85,Mismatching
74771dd0-2542-43fa-83b6-308aad76a9a7,AT,85,Mismatching
f09c071a-eb56-4264-8379-e08abb1132e8,ES,84,Mismatching
97596ea0-80f2-48ae-ae74-608a8dc0130b,DE,84,Mismatching
4a2d0295-a2c9-4b58-9cc2-e08aecf77b3a,GR,84,Mismatching
3c2e04d5-5fd4-4eac-9762-c08a0c9cce88,DE,84,Mismatching
a76f8f32-2d49-419b-a780-b08a9190abb3,DE,84,Mismatching
4770a832-44f7-469b-9245-508a6ddea044,AT,84,Mismatching
84b04b56-1cbd-4d2a-ac84-a08acb86b9c3,RO,82,Mismatching
8a4f62e2-d967-41e1-af4e-508a060eaff9,GR,82,Mismatching
9fb52ef8-f298-4ed6-a2c9-c08aed12fbed,ES,81,Mismatching
084fc2ac-5acc-41c6-aac7-708a2933b830,DE,80,Mismatching
80dbed08-d7a8-4111-bd93-308ae7114099,DE,80,Mismatching
da58266b-dc41-436b-83b3-808ab33a34d3,DE,80,Mismatching
369da1d1-f985-4ade-9ae4-108a43176c7d,DE,80,Mismatching
84ae61fc-f914-42ce-a67e-008a7a9acd84,US,8,Mismatching
ccebcb6f-2b62-4186-93c4-308af39f1e82,US,8,Mismatching
79bfb57c-3099-4193-9387-d08a0c3db018,US,8,Mismatching
faf745fa-b9b1-4247-b05b-a08acea7e1f8,AT,79,Mismatching
81161702-af54-42f8-a469-d08ad5fef6fe,DE,79,Mismatching
15f5e011-9a5c-4a44-88ec-408a24e112fc,DE,79,Mismatching
e2e99d12-bfa9-4303-abf4-108a70ef02ca,ES,79,Mismatching
5758af98-440e-4353-9710-c08a482644c5,ES,79,Mismatching
01f0695c-1ad9-42a5-976f-308aa55d9c26,GR,78,Mismatching
4f8a46d7-16db-4d63-8c7a-708aef854f80,GR,77,Mismatching
83eaa404-cb3b-47fc-8566-d08ac6320443,ES,77,Mismatching
c52dacb1-ea94-40b4-a5bb-508ad5dcc5cd,AT,77,Mismatching
26ea9552-3915-436a-b27e-908ab7b2e0e6,AT,62,Mismatching
da88eb1c-4cad-4d99-83e8-a08ae58d47f3,ES,62,Mismatching
86a874b6-32a3-41cf-901d-508a6cc56115,ES,62,Mismatching
c1c2b031-eed6-4117-8cce-508a25828e15,ES,51,Mismatching
9395abae-2e36-469c-8b8e-108a26914f27,US,50,Mismatching
aa62cf7f-beab-47df-ada5-108a1dc4d7ea,US,50,Mismatching
015b1769-7ac3-43c0-ba87-b08afbc3db6d,US,50,Mismatching
495c560a-f060-424b-a2c4-b08a32d61b7f,US,50,Mismatching
70b9ecfb-6d4e-4145-a62d-b08a24cddbf7,US,50,Mismatching
7b41bfe5-fbc1-485e-be5c-308ab25589f4,US,50,Mismatching
7bc90085-fe18-46f1-a3fe-108a316748a5,US,50,Mismatching
186ad623-33b3-4deb-985c-508a8ad18e74,US,50,Mismatching
53a20acd-ca9c-4624-afcd-208a90e8930e,US,50,Mismatching
5d13e371-8691-42df-8709-208a1490c7a9,US,50,Mismatching
cff50b04-24bf-4d63-a063-e08a6ca32fa3,US,50,Mismatching
cbeb1125-fb90-44bf-a3ba-608a3ff62c20,ES,5,Mismatching
26c61c2b-4aff-422b-b146-a08ac213ed96,ES,5,Mismatching
d1f1026b-fa68-4323-8493-108a8778f788,ES,5,Mismatching
c325876b-204c-4bea-87dd-808a7814b941,US,47,Mismatching
e8d91846-f1e0-4e48-9dc3-708a4257e8a6,US,47,Mismatching
2196aa6f-4927-4a6a-b42f-508a9f6b0521,US,47,Mismatching
60f5f987-65e9-49bd-88bf-c08a496bec8b,US,47,Mismatching
72d2dd1c-a0f4-42ec-a196-d08a201dbf78,US,47,Mismatching
8f5136e0-af6b-4d1d-a8d3-908abd8de4aa,US,47,Mismatching
a388589e-1d7c-4e85-95b6-908ad13d0690,US,47,Mismatching
f0c0296b-8af0-4faa-ab68-908a4c9478f2,US,47,Mismatching
588c78ed-9116-43dd-a0f2-608a24e54615,US,47,Mismatching
700dc194-5e0b-47fb-8c55-608a182e199a,US,47,Mismatching
01b5bdc3-9250-4d7e-b869-708a16e27af5,US,47,Mismatching
47c849dd-70ed-4aca-9b5d-c08a942a6c2c,US,47,Mismatching
ae0e19fd-fe4d-40d1-bd1f-c08ad6c981c3,US,47,Mismatching
478a3738-eab0-4806-86fb-708a766225c9,US,47,Mismatching
4b7c118a-305b-42dd-a762-108a19d44ec2,US,47,Mismatching
ba67b685-7060-4fe4-93b8-908a085da26e,US,47,Mismatching
ae12238d-1f44-425b-a796-808aabebcb53,US,47,Mismatching
d9b3169e-869d-493e-9366-808a11a12f86,US,47,Mismatching
96178f33-193a-445f-89de-908a6045ec08,DE,46,Mismatching
ff86df40-77ea-4b45-ae70-008a8697a220,DE,46,Mismatching
7191ef45-4231-4e72-90b0-708a189d74e7,DE,46,Mismatching
9917c44b-6598-4ac5-b47e-908ac1c66765,ES,46,Mismatching
34475fa1-6e22-42f4-b6ec-708aa45a1e95,DE,46,Mismatching
a019e93a-4486-4b36-9046-708a1c4a6b93,US,45,Mismatching
e586ce7a-e171-44a5-a5b9-d08a1e8edc31,US,45,Mismatching
b6f280ef-6d2c-43fc-8de3-308ab7c1cf5b,US,45,Mismatching
3fa86006-0d65-4995-a918-608a849a84c8,GR,41,Mismatching
6c86aef0-ce21-4489-adaf-b08a6810bfde,US,38,Mismatching
54681e15-0b80-443f-86af-b08a3808d83f,US,38,Mismatching
85be6fc9-4d77-42ce-bf28-b08aab75bc22,US,38,Mismatching
7d6a452e-7b4f-456f-94b4-208a63671e60,US,38,Mismatching
6ece0462-4141-4642-b5ac-e08afa1192c4,US,38,Mismatching
59c0b2bf-c0b2-4262-aaf6-b08a6cdbc0f8,GR,37,Mismatching
1e83b7f2-7409-435c-ba33-c08a477a67ad,DE,37,Mismatching
00a1de7d-fb59-4efd-8b58-208a8036bcdb,DE,37,Mismatching
563217a9-cda7-4b76-9b38-708a7f6d7b93,ES,37,Mismatching
862c1f15-53e5-4fe7-b2d3-308a62702eb8,GR,37,Mismatching
f86e810b-c068-4f04-a9f2-508a550a695c,US,35,Mismatching
95e5e3e1-f3eb-4b9c-9597-608aff6432f3,DE,31,Mismatching
07b5b982-18f3-4eea-8ebd-608a5ae92223,GR,31,Mismatching
f7d4afbc-15d6-45c4-adc2-e08a48fede8b,US,24,Mismatching
2cb36dbf-c8e4-4957-908b-408ae67019a8,US,24,Mismatching
3f678bbe-e6be-488a-9d06-208a1ff0bc37,US,24,Mismatching
6c588994-5376-4274-ad14-408a90fcb64a,US,24,Mismatching
f9b5cb61-bd0d-4790-9b83-c08a0288a328,US,24,Mismatching
0ca87a6e-7346-4502-9fa9-308a8d5b2aa0,US,24,Mismatching
58285ae1-cd20-4b45-8fe7-908abddfe9a7,US,23,Mismatching
6a3c6cb5-00c1-451f-b250-b08a81251324,US,23,Mismatching
202302a9-9991-4600-9ba5-008a427b1ade,US,23,Mismatching
791caf17-1c74-4244-b348-008ad59fd293,US,23,Mismatching
4fce9ab4-d7c3-49ab-b56d-908a06fb4249,US,23,Mismatching
9100852d-fe16-4c83-b105-c08a10d9cc8d,DE,217,Mismatching
5fcccda2-602c-4060-934e-d08a67c8a8fc,US,216,Mismatching
814e4767-3bb5-4e6e-b8ce-d08a06e661c5,US,216,Mismatching
83d66215-ead1-425f-9a9d-b08af7733d13,US,216,Mismatching
cfff67fc-28c5-467e-8b8d-808a17cfb18f,AT,213,Mismatching
73f402b3-3c30-4857-8d16-408a3d0e8189,US,209,Mismatching
019a5166-066b-485e-8ee2-708afe6e2295,US,209,Mismatching
1946759e-93c8-438d-a51a-708ae1c9d0b5,US,209,Mismatching
3559f7b6-af99-4449-9ba7-708ac635c5cd,US,209,Mismatching
5309ed6a-3f09-4e0f-a006-708a7b24b9bf,US,209,Mismatching
5e9b4654-9799-4c58-a04d-708ae8628c93,US,209,Mismatching
714da8e7-b62e-4c40-9537-708a11196992,US,209,Mismatching
738a6cb2-e10f-4a5b-bed0-c08a62ed34a0,US,209,Mismatching
96d9712f-1b59-4058-b697-c08a84da106d,US,209,Mismatching
f7fadb13-3efc-46c4-a562-508a406d115d,US,208,Mismatching
e3344799-3f87-423e-bd55-208a8011df91,US,208,Mismatching
cdac18ab-cbab-432b-b469-808aedfa9f23,US,208,Mismatching
f9d20e66-88ad-4c83-8145-608a00f931a1,US,208,Mismatching
e685e39f-90cf-4d49-98e2-108a9702257c,US,207,Mismatching
187a54db-61be-456e-bcd2-d08af43fe83e,US,207,Mismatching
4465ac46-b99b-493e-8b41-d08a399e8c19,US,207,Mismatching
8e84e62a-db51-4a6a-b733-e08a9121c81b,US,207,Mismatching
2f11ab75-2354-49a8-aa15-a08a2f474e84,US,206,Mismatching
d72d6895-12b0-4f5f-bb52-a08a50b108be,US,206,Mismatching
eb0d7eab-98ff-4f7a-b0ff-a08aff0d0228,US,206,Mismatching
2e9db881-3cfa-4526-abc3-208a42731f17,US,206,Mismatching
13a9e006-1e29-4ad8-abbb-908a0c483d3b,US,206,Mismatching
63042a60-e32f-4358-9260-908a61345415,US,206,Mismatching
9cdbe465-7514-4d0a-b09a-908afc5fdc1a,US,206,Mismatching
ab4de91c-3916-447d-b3a0-908ad5adf14f,US,206,Mismatching
d44379ea-a5d5-4582-ac58-708a26a0c632,US,206,Mismatching
de5c72f1-c809-4457-b672-908a727946b7,US,206,Mismatching
ef32e0c1-4aaa-46f5-b1e2-908a32364264,US,206,Mismatching
85908478-9a23-4799-99f8-a08a6b485145,US,206,Mismatching
5316e073-3c0e-45d1-a9ff-e08a0be5c07e,US,204,Mismatching
93d6bfd7-d647-41aa-a6f1-108ac386ffa0,US,204,Mismatching
43e938f2-7165-43e4-97ac-908a7d051cdb,US,204,Mismatching
fdc0136d-e2ec-424d-9858-808a8fd07171,US,204,Mismatching
a9bda661-e063-45ad-a53a-908a1a0358e3,GR,201,Mismatching
45e27f9a-7306-4751-9880-908a76adeb6a,US,199,Mismatching
aa0cf7a9-c2df-4b81-9806-508a63e38951,US,199,Mismatching
15d5268d-2d0b-4c7a-9ecd-b08aa85a1272,US,199,Mismatching
3846f362-e77d-44bb-aa45-b08a4f6178ff,US,199,Mismatching
7a64867b-022f-4d28-a8fd-b08a6292f98d,US,199,Mismatching
bda244a1-5720-407b-bb57-b08a22d30a02,US,199,Mismatching
cf537f25-4c5d-4243-b99a-108a61b03afe,US,199,Mismatching
3862d007-d87b-4d0a-98ef-b08a166f43ca,US,199,Mismatching
6236959c-e04a-49c2-a142-508a450ce029,US,199,Mismatching
7c8d7f20-4132-4316-be2f-508a882d4f97,US,199,Mismatching
bb1a67d2-9288-45c9-8ae8-208a04a62030,US,198,Mismatching
e0dcb649-4bcb-42c0-a18a-208a92d34705,US,198,Mismatching
e24bd0b6-e7cd-4fbf-9c94-208a403f07c4,US,198,Mismatching
8bcd9ff3-3867-46fb-a0fc-808a3caac0e2,US,198,Mismatching
9cfa6abd-8641-4e16-be14-808a57930cd3,US,198,Mismatching
73eae44c-5e5d-40a6-8acd-708a00d15e44,US,192,Mismatching
20f3b172-80a0-4905-9e98-408adaf18785,US,192,Mismatching
5a5405af-4910-4647-b1f3-408ae8d24b06,US,192,Mismatching
b76ad5f5-9d85-46be-b511-408a742f009b,US,192,Mismatching
e4d25381-8ff4-40f5-b194-408a14564315,RO,185,Mismatching
f0246c91-8346-4906-9d34-e08a0af0f983,ES,185,Mismatching
1b6e815a-762b-4681-ba1c-508a69a54156,US,184,Mismatching
b945b8d9-3c01-486b-af69-508ac923dd82,US,184,Mismatching
3b30d841-5262-48ba-85e0-208a415aa4b9,US,184,Mismatching
0739c654-af51-4400-a4b1-808a2eb85f7a,US,184,Mismatching
107efa2a-8321-4710-89b4-808acf416ed8,US,184,Mismatching
56ae7782-ecfa-45d2-8c34-b08ac054e6fb,US,184,Mismatching
dffe0680-3619-464f-b2a4-b08adbcadb2d,US,184,Mismatching
a2c54689-c76b-4bfe-9b16-208adabbe389,US,184,Mismatching
f7853195-fa71-403b-a619-308ad6d73240,US,184,Mismatching
ea57895c-3a0e-4c37-afeb-308a180a7862,US,184,Mismatching
4bf5987d-f10d-40fe-9ec0-208a996e4d40,US,184,Mismatching
07251ce3-acf5-4d7c-8537-808a7e2bffe3,US,184,Mismatching
2660e61f-7c34-40df-95b9-808a5a9099a9,US,184,Mismatching
5b14e2f4-410e-462e-a45c-808a28293d35,US,184,Mismatching
7ca0352f-14a6-48fa-9c45-808aaa8dc50c,US,184,Mismatching
c42abdda-97b9-4973-9c2a-808a642d20b9,US,184,Mismatching
d4c9a97c-19bf-4786-9bad-808a49ca083f,US,184,Mismatching
e73bad7e-1dfc-41af-9897-808a3192b357,US,184,Mismatching
cca5b20f-a3c4-459b-a836-d08a9ff21c2a,AT,178,Mismatching
3448c02e-959b-4bc2-a604-508a2bf1d274,DE,178,Mismatching
1cd34ccb-07d4-4265-9567-d08a651b0390,AT,178,Mismatching
ce16d141-723c-4073-9a79-508a7d31ad38,AT,178,Mismatching
dcc56a92-b97f-475f-a661-508a1b07a139,AT,176,Mismatching
1fbf5799-dee4-4bd7-b8da-c08afa986010,ES,176,Mismatching
ae7629c0-161e-465c-a89a-508a6346fc1e,ES,176,Mismatching
64e8be13-1933-4bbe-905f-208aaca0905d,AT,176,Mismatching
249d484b-b011-437e-b6b7-708aea309b10,ES,176,Mismatching
35fffbe6-361c-46ef-b4de-608af41faa80,US,174,Mismatching
45b041ab-7824-443e-8a94-e08a3622b444,US,174,Mismatching
320d5d9f-da05-4f73-9ac8-608aff065855,US,174,Mismatching
39074a16-bc74-4e02-a17c-b08a2568b588,US,174,Mismatching
5c4078e0-af98-4712-bf07-b08aa757acf7,US,174,Mismatching
933f5ad6-2d5c-4378-99ad-808a0d10d4a0,US,174,Mismatching
f076e57f-75be-496e-8b48-b08afe1de375,US,174,Mismatching
4bee7e27-2851-4984-b0d5-108a52bac504,US,173,Mismatching
7c18bd7d-339c-45ec-9621-908aaccba113,US,173,Mismatching
924f496d-6a8b-4b65-82c5-908a769b19c3,US,173,Mismatching
0b3ae800-2ba7-463c-ac93-a08a86e0ab43,US,172,Mismatching
bb7dee6a-3e57-446c-ba49-a08a6e887b39,US,172,Mismatching
8087ac89-c39b-4f0b-ae8e-808a00c7a162,US,172,Mismatching
b2c4de00-473f-437e-b6eb-508ad3af88ea,US,172,Mismatching
de9800b2-bbaa-45fb-90c6-508a3272bd52,US,172,Mismatching
cdf21f7d-19a3-40c9-88b8-e08a130fe62a,US,170,Mismatching
2cbd2fb0-84b4-4e69-8be3-908a6f4b63e6,US,170,Mismatching
ebc3a7f0-fbe7-4277-a398-108acc4a452a,US,170,Mismatching
ed10b28e-fc41-4fda-b99d-908a3c9acd54,US,170,Mismatching
169b9e23-3634-4c79-b154-908a10051ca7,US,170,Mismatching
f0a671d0-4cae-48de-8ca6-908aee098da5,US,170,Mismatching
08e777ca-6b9c-4e56-beea-308a843a1af8,US,162,Mismatching
2f85a301-bd81-4d76-b8f8-308a3ca2e8e9,US,162,Mismatching
02c3cbb7-11ee-4f65-abd8-208af005fdbe,US,162,Mismatching
0956f777-dac0-4e6b-ba0e-808a43101cbd,US,162,Mismatching
a9e62a81-db95-471e-9cf0-208a62cf35aa,US,162,Mismatching
d279d600-a5ef-4af2-9f49-208a07a71b51,US,162,Mismatching
ebb3b364-766d-4145-848a-208a4c659630,US,162,Mismatching
ff83dd52-0174-4a86-bcdc-208ae3acd8ef,US,162,Mismatching
19d3c7c4-78a7-4e6b-a48c-208a21dee07d,US,162,Mismatching
316aa866-5a07-4465-87fe-c08a08327bdc,US,162,Mismatching
d015a961-0361-4c15-8a57-508a4d59d7a5,US,162,Mismatching
c7abe5e0-77fd-49a1-b707-208a9615e9bc,US,162,Mismatching
c9cb8c36-94a1-4882-b2b3-208a3ca401ae,US,162,Mismatching
7edc6449-d5c0-48d6-a4f4-708a9bcfa6bd,US,162,Mismatching
d67db3a9-4c23-4ba4-b9b4-208ad2726269,US,162,Mismatching
546886d4-7bfa-45ce-bad2-b08ae3e142a9,US,162,Mismatching
97900f60-d031-49a6-bbd9-c08accae704a,US,162,Mismatching
39395348-002e-4be9-9ceb-908ae3af4890,US,162,Mismatching
9b3bea62-3292-4673-902e-108a535485fe,US,160,Mismatching
18cdb5b7-04ce-4060-b066-908a0181f6eb,US,159,Mismatching
9c50db00-b767-4526-89dc-908a47302cce,US,159,Mismatching
f4e18961-4905-4a9d-862c-908a7dfd52f4,US,157,Mismatching
19f29b54-468e-4b0a-8dbd-108ad97d713d,ES,148,Mismatching
c34dba92-0144-4da8-a29d-708a6091ed09,AT,148,Mismatching
e55198f9-d034-45f0-ab1a-108a6c416158,US,144,Mismatching
a0271be2-26f8-422a-b26b-908aa7f21061,US,144,Mismatching
00a7dbc2-2531-46c5-8366-008adcb5f272,US,142,Mismatching
125f4deb-8631-4574-993f-c08a0c5ee744,US,142,Mismatching
5fbcf243-59d8-4dd4-9bcc-c08a876601dc,US,142,Mismatching
bb3074dc-0f00-4eb0-810b-c08a25c28c7b,US,142,Mismatching
7b8c0de2-2bb0-45b7-bdc3-408ac11c5949,ES,139,Mismatching
c7330a9a-2da3-4318-a51c-308aa89c49e3,US,139,Mismatching
e6aa1acd-5cf6-4e89-be68-b08acf240b5b,US,139,Mismatching
77942576-f47b-427f-a6ba-208a2e36e9d7,US,139,Mismatching
6514e55c-d891-4155-ba5d-b08ada6043fd,AT,138,Mismatching
d442e0fc-2260-4788-bac6-c08aa4705e04,US,137,Mismatching
01220730-5686-45d7-9037-508a3bea3571,US,137,Mismatching
038c1dda-7a10-4e87-a132-408a595a340f,GR,109,Mismatching
eeaa2034-3c90-457c-9635-c08ac14c8d79,PT,109,Mismatching
7e103fb1-9d26-44f6-9c9c-208a72c72234,ES,109,Mismatching
4e753213-867f-4549-bd86-108aaf7d40e1,US,108,Mismatching
3ac59a86-d4e7-45a6-8279-c08a9d6bba24,US,107,Mismatching
9a2a1108-9475-454c-b3b5-708a8be47861,US,107,Mismatching
96ab2f2f-dfdc-4db0-b6d1-208ad22d4138,US,104,Mismatching
e74bfc97-548a-461f-9669-108a538a833c,US,104,Mismatching
278198b9-21a2-4a4e-aa0f-908a258aca3d,US,104,Mismatching
0aa0998b-2d53-4ee5-b2e6-408a29c4e3e6,US,104,Mismatching
8316012f-675b-406e-80e4-108aa27bd2f4,US,104,Mismatching
874974ee-0bbd-4525-b9eb-408ae9db7655,US,104,Mismatching
f8ec98f2-1e21-4d39-90ef-b08ad73551f3,US,104,Mismatching
